Metric,Value
Z-Statistic,-1.2369217547321678
P-Value,0.21611613269757501
Lift,-1.228911859661478
Control Rate,0.12039917935897611
Treatment Rate,0.11891957956489856
